{"tn": 868, "fp": 33, "fn": 138, "tp": 86, "antibiotic": "amikacin", "report": {"Susceptible": {"precision": 0.8628230616302187, "recall": 0.9633740288568258, "f1-score": 0.9103303618248558, "support": 901.0}, "Resistant": {"precision": 0.7226890756302521, "recall": 0.38392857142857145, "f1-score": 0.5014577259475219, "support": 224.0}, "accuracy": 0.848, "macro avg": {"precision": 0.7927560686302354, "recall": 0.6736513001426986, "f1-score": 0.7058940438861889, "support": 1125.0}, "weighted avg": {"precision": 0.8349208279733364, "recall": 0.848, "f1-score": 0.8289192769923911, "support": 1125.0}}}