{"tn": 270, "fp": 91, "fn": 103, "tp": 260, "antibiotic": "cefepime", "report": {"Susceptible": {"precision": 0.7238605898123325, "recall": 0.7479224376731302, "f1-score": 0.7356948228882834, "support": 361.0}, "Resistant": {"precision": 0.7407407407407407, "recall": 0.7162534435261708, "f1-score": 0.7282913165266106, "support": 363.0}, "accuracy": 0.7320441988950276, "macro avg": {"precision": 0.7323006652765366, "recall": 0.7320879405996505, "f1-score": 0.731993069707447, "support": 724.0}, "weighted avg": {"precision": 0.7323239804021283, "recall": 0.7320441988950276, "f1-score": 0.731982843869931, "support": 724.0}}}