{"tn": 275, "fp": 94, "fn": 93, "tp": 272, "antibiotic": "ciprofloxacin", "report": {"Susceptible": {"precision": 0.7472826086956522, "recall": 0.7452574525745257, "f1-score": 0.746268656716418, "support": 369.0}, "Resistant": {"precision": 0.7431693989071039, "recall": 0.7452054794520548, "f1-score": 0.7441860465116279, "support": 365.0}, "accuracy": 0.7452316076294278, "macro avg": {"precision": 0.745226003801378, "recall": 0.7452314660132903, "f1-score": 0.7452273516140229, "support": 734.0}, "weighted avg": {"precision": 0.7452372114574776, "recall": 0.7452316076294278, "f1-score": 0.7452330263012293, "support": 734.0}}}