{"tn": 277, "fp": 84, "fn": 110, "tp": 253, "antibiotic": "cefepime", "report": {"Susceptible": {"precision": 0.7157622739018088, "recall": 0.7673130193905817, "f1-score": 0.7406417112299465, "support": 361.0}, "Resistant": {"precision": 0.7507418397626113, "recall": 0.696969696969697, "f1-score": 0.7228571428571429, "support": 363.0}, "accuracy": 0.7320441988950276, "macro avg": {"precision": 0.7332520568322101, "recall": 0.7321413581801394, "f1-score": 0.7317494270435447, "support": 724.0}, "weighted avg": {"precision": 0.7333003711496974, "recall": 0.7320441988950276, "f1-score": 0.7317248627225877, "support": 724.0}}}