{"tn": 267, "fp": 102, "fn": 100, "tp": 265, "antibiotic": "ciprofloxacin", "report": {"Susceptible": {"precision": 0.7275204359673024, "recall": 0.7235772357723578, "f1-score": 0.7255434782608695, "support": 369.0}, "Resistant": {"precision": 0.7220708446866485, "recall": 0.726027397260274, "f1-score": 0.7240437158469946, "support": 365.0}, "accuracy": 0.7247956403269755, "macro avg": {"precision": 0.7247956403269755, "recall": 0.7248023165163159, "f1-score": 0.7247935970539321, "support": 734.0}, "weighted avg": {"precision": 0.7248104893495386, "recall": 0.7247956403269755, "f1-score": 0.724797683600019, "support": 734.0}}}