{"tn": 296, "fp": 68, "fn": 132, "tp": 237, "antibiotic": "gentamicin", "report": {"Susceptible": {"precision": 0.6915887850467289, "recall": 0.8131868131868132, "f1-score": 0.7474747474747475, "support": 364.0}, "Resistant": {"precision": 0.7770491803278688, "recall": 0.6422764227642277, "f1-score": 0.7032640949554896, "support": 369.0}, "accuracy": 0.7271487039563438, "macro avg": {"precision": 0.7343189826872989, "recall": 0.7277316179755204, "f1-score": 0.7253694212151185, "support": 733.0}, "weighted avg": {"precision": 0.7346104574324596, "recall": 0.7271487039563438, "f1-score": 0.7252186345421333, "support": 733.0}}}