{"tn": 307, "fp": 57, "fn": 138, "tp": 231, "antibiotic": "gentamicin", "report": {"Susceptible": {"precision": 0.6898876404494382, "recall": 0.8434065934065934, "f1-score": 0.7589616810877626, "support": 364.0}, "Resistant": {"precision": 0.8020833333333334, "recall": 0.6260162601626016, "f1-score": 0.7031963470319634, "support": 369.0}, "accuracy": 0.7339699863574352, "macro avg": {"precision": 0.7459854868913858, "recall": 0.7347114267845976, "f1-score": 0.7310790140598631, "support": 733.0}, "weighted avg": {"precision": 0.7463681461440594, "recall": 0.7339699863574352, "f1-score": 0.73088881851397, "support": 733.0}}}