{"tn": 709, "fp": 43, "fn": 135, "tp": 239, "antibiotic": "imipenem", "report": {"Susceptible": {"precision": 0.840047393364929, "recall": 0.9428191489361702, "f1-score": 0.8884711779448622, "support": 752.0}, "Resistant": {"precision": 0.8475177304964538, "recall": 0.6390374331550802, "f1-score": 0.7286585365853658, "support": 374.0}, "accuracy": 0.8419182948490231, "macro avg": {"precision": 0.8437825619306913, "recall": 0.7909282910456252, "f1-score": 0.8085648572651141, "support": 1126.0}, "weighted avg": {"precision": 0.8425286598722028, "recall": 0.8419182948490231, "f1-score": 0.835389536853875, "support": 1126.0}}}