{"tn": 499, "fp": 131, "fn": 188, "tp": 321, "antibiotic": "levofloxacin", "report": {"Susceptible": {"precision": 0.7263464337700145, "recall": 0.792063492063492, "f1-score": 0.7577828397873956, "support": 630.0}, "Resistant": {"precision": 0.7101769911504425, "recall": 0.630648330058939, "f1-score": 0.668054110301769, "support": 509.0}, "accuracy": 0.7199297629499561, "macro avg": {"precision": 0.7182617124602285, "recall": 0.7113559110612155, "f1-score": 0.7129184750445823, "support": 1139.0}, "weighted avg": {"precision": 0.7191205810102584, "recall": 0.7199297629499561, "f1-score": 0.7176845752499206, "support": 1139.0}}}