{"tn": 311, "fp": 55, "fn": 99, "tp": 271, "antibiotic": "meropenem", "report": {"Susceptible": {"precision": 0.7585365853658537, "recall": 0.8497267759562842, "f1-score": 0.8015463917525774, "support": 366.0}, "Resistant": {"precision": 0.8312883435582822, "recall": 0.7324324324324324, "f1-score": 0.7787356321839081, "support": 370.0}, "accuracy": 0.7907608695652174, "macro avg": {"precision": 0.794912464462068, "recall": 0.7910796041943583, "f1-score": 0.7901410119682427, "support": 736.0}, "weighted avg": {"precision": 0.795110159457156, "recall": 0.7907608695652174, "f1-score": 0.7900790262085452, "support": 736.0}}}