{"tn": 316, "fp": 50, "fn": 101, "tp": 269, "antibiotic": "meropenem", "report": {"Susceptible": {"precision": 0.7577937649880095, "recall": 0.8633879781420765, "f1-score": 0.8071519795657727, "support": 366.0}, "Resistant": {"precision": 0.8432601880877743, "recall": 0.727027027027027, "f1-score": 0.7808417997097242, "support": 370.0}, "accuracy": 0.7948369565217391, "macro avg": {"precision": 0.800526976537892, "recall": 0.7952075025845518, "f1-score": 0.7939968896377485, "support": 736.0}, "weighted avg": {"precision": 0.8007592222528368, "recall": 0.7948369565217391, "f1-score": 0.7939253945837919, "support": 736.0}}}