{"tn": 497, "fp": 102, "fn": 163, "tp": 380, "antibiotic": "piperacillin/tazobactam", "report": {"Susceptible": {"precision": 0.753030303030303, "recall": 0.8297161936560935, "f1-score": 0.789515488482923, "support": 599.0}, "Resistant": {"precision": 0.7883817427385892, "recall": 0.6998158379373849, "f1-score": 0.7414634146341463, "support": 543.0}, "accuracy": 0.7679509632224168, "macro avg": {"precision": 0.7707060228844461, "recall": 0.7647660157967392, "f1-score": 0.7654894515585347, "support": 1142.0}, "weighted avg": {"precision": 0.7698392625413357, "recall": 0.7679509632224168, "f1-score": 0.7666676109874013, "support": 1142.0}}}