{"tn": 268, "fp": 90, "fn": 78, "tp": 286, "antibiotic": "trimethoprim/sulfamethoxazole", "report": {"Susceptible": {"precision": 0.7745664739884393, "recall": 0.7486033519553073, "f1-score": 0.7613636363636364, "support": 358.0}, "Resistant": {"precision": 0.7606382978723404, "recall": 0.7857142857142857, "f1-score": 0.772972972972973, "support": 364.0}, "accuracy": 0.7673130193905817, "macro avg": {"precision": 0.7676023859303898, "recall": 0.7671588188347964, "f1-score": 0.7671683046683047, "support": 722.0}, "weighted avg": {"precision": 0.7675445126224281, "recall": 0.7673130193905817, "f1-score": 0.7672165429090637, "support": 722.0}}}