{"tn": 324, "fp": 46, "fn": 178, "tp": 188, "antibiotic": "tetracycline", "report": {"Susceptible": {"precision": 0.6454183266932271, "recall": 0.8756756756756757, "f1-score": 0.7431192660550459, "support": 370.0}, "Resistant": {"precision": 0.8034188034188035, "recall": 0.5136612021857924, "f1-score": 0.6266666666666667, "support": 366.0}, "accuracy": 0.6956521739130435, "macro avg": {"precision": 0.7244185650560153, "recall": 0.694668438930734, "f1-score": 0.6848929663608563, "support": 736.0}, "weighted avg": {"precision": 0.7239892159344784, "recall": 0.6956521739130435, "f1-score": 0.685209413641803, "support": 736.0}}}