{"tn": 325, "fp": 45, "fn": 176, "tp": 190, "antibiotic": "tetracycline", "report": {"Susceptible": {"precision": 0.6487025948103793, "recall": 0.8783783783783784, "f1-score": 0.746268656716418, "support": 370.0}, "Resistant": {"precision": 0.8085106382978723, "recall": 0.5191256830601093, "f1-score": 0.632279534109817, "support": 366.0}, "accuracy": 0.6997282608695652, "macro avg": {"precision": 0.7286066165541258, "recall": 0.6987520307192439, "f1-score": 0.6892740954131175, "support": 736.0}, "weighted avg": {"precision": 0.728172355566388, "recall": 0.6997282608695652, "f1-score": 0.6895838484636789, "support": 736.0}}}