{"tn": 269, "fp": 89, "fn": 77, "tp": 287, "antibiotic": "trimethoprim/sulfamethoxazole", "report": {"Susceptible": {"precision": 0.7774566473988439, "recall": 0.7513966480446927, "f1-score": 0.7642045454545454, "support": 358.0}, "Resistant": {"precision": 0.7632978723404256, "recall": 0.7884615384615384, "f1-score": 0.7756756756756756, "support": 364.0}, "accuracy": 0.7700831024930748, "macro avg": {"precision": 0.7703772598696348, "recall": 0.7699290932531155, "f1-score": 0.7699401105651105, "support": 722.0}, "weighted avg": {"precision": 0.7703184283943226, "recall": 0.7700831024930748, "f1-score": 0.7699877745410986, "support": 722.0}}}