{
  "antibiotics": [
    "ciprofloxacin",
    "meropenem",
    "gentamicin",
    "tetracycline",
    "trimethoprim/sulfamethoxazole",
    "cefepime"
  ],
  "short_names": [
    "Cipro",
    "Mero",
    "Gent",
    "Tet",
    "TMP/SMX",
    "Cef"
  ],
  "phi_matrix": [
    [
      1.0,
      0.3393937246082436,
      0.41415339524494016,
      0.15045579898492384,
      0.49407364236066303,
      0.501221992654589
    ],
    [
      0.3393937246082436,
      1.0,
      0.07943212550738324,
      -0.07630571213395915,
      0.17380173306063262,
      0.0016216085863542426
    ],
    [
      0.41415339524494016,
      0.07943212550738324,
      1.0,
      0.15816728704472285,
      0.543541333159233,
      0.4244582290903779
    ],
    [
      0.15045579898492384,
      -0.07630571213395915,
      0.15816728704472285,
      1.0,
      0.125880892222261,
      0.01587441287335219
    ],
    [
      0.49407364236066303,
      0.17380173306063262,
      0.543541333159233,
      0.125880892222261,
      1.0,
      0.47161684140513865
    ],
    [
      0.501221992654589,
      0.0016216085863542426,
      0.4244582290903779,
      0.01587441287335219,
      0.47161684140513865,
      1.0
    ]
  ],
  "pval_matrix": [
    [
      0.0,
      2.367747339518086e-16,
      1.8140703194882525e-23,
      0.00036138595792630787,
      6.488841002283249e-33,
      7.984004981553479e-34
    ],
    [
      2.367747339518086e-16,
      0.0,
      0.047766672320325096,
      0.07096166136843411,
      3.332612359997376e-05,
      0.9689822289605485
    ],
    [
      1.8140703194882525e-23,
      0.047766672320325096,
      0.0,
      0.00016353460913765317,
      2.0697280786731428e-37,
      1.5754468655327948e-24
    ],
    [
      0.00036138595792630787,
      0.07096166136843411,
      0.00016353460913765317,
      0.0,
      0.0028679870012204896,
      0.7059280188421981
    ],
    [
      6.488841002283249e-33,
      3.332612359997376e-05,
      2.0697280786731428e-37,
      0.0028679870012204896,
      0.0,
      7.566881158567876e-30
    ],
    [
      7.984004981553479e-34,
      0.9689822289605485,
      1.5754468655327948e-24,
      0.7059280188421981,
      7.566881158567876e-30,
      0.0
    ]
  ]
}